021B2ozAjNg,110.000,120.000,"/m/01h8n0,/m/09x0r"
09w-ZFasRvE,60.000,70.000,"/m/01h8n0,/m/09x0r"
0urv4EcbPAM,90.000,100.000,"/m/01h8n0,/m/04rlf,/m/09x0r"
1puLrugy32w,40.000,50.000,"/m/01h8n0,/m/04rlf,/m/09x0r"
21L0pyts9WI,530.000,540.000,/m/01h8n0
2TauJ1KBMdY,30.000,40.000,"/m/01h8n0,/m/04rlf,/m/05zppz,/m/09x0r"
2XP6Q2CXB-w,500.000,510.000,/m/01h8n0
2hBVVym00rc,30.000,40.000,"/m/01h8n0,/m/05zppz,/m/09x0r"
6i8NJqD6sos,280.000,290.000,"/m/01h8n0,/m/04rlf,/m/09x0r"
AKMuR1-yWAc,420.000,430.000,/m/01h8n0
BqQxzzVkToc,30.000,40.000,"/m/01h8n0,/m/04rlf,/m/09x0r"
C3HqFyYZBGI,30.000,40.000,"/m/01h8n0,/m/09x0r,/m/0l15bq"
C4-_w6N3plU,30.000,40.000,"/m/01h8n0,/m/02qldy,/m/02zsn,/m/09x0r"
DJF7cOpR_l0,150.000,160.000,"/m/01h8n0,/m/09x0r"
Ga2r3DZzJbk,30.000,40.000,"/m/01h8n0,/m/09x0r"
IWMMkp35d6Y,30.000,40.000,"/m/01h8n0,/m/04rlf,/m/0ytgt"
IsVHwMN_Mnw,30.000,40.000,/m/01h8n0
Iu1nK9ixxAc,0.000,10.000,/m/01h8n0
JS_LYrOL8DM,520.000,530.000,"/m/01h8n0,/m/02c8p,/m/09x0r"
KlVkArn952g,440.000,450.000,/m/01h8n0
KzLpryLUYsk,30.000,40.000,"/m/01h8n0,/m/09x0r"
MWUIcq2EtQs,220.000,230.000,"/m/01h8n0,/m/09x0r"
N4wpaeLv5oc,200.000,210.000,"/m/01h8n0,/m/04rlf,/m/09x0r"
ORdW-nWhCfE,400.000,410.000,"/m/01h8n0,/m/03fwl,/m/09x0r,/m/0ch8v,/m/0jbk"
ORyyZ97wHYY,40.000,50.000,"/m/015jpf,/m/01h8n0,/m/07cx4,/m/09x0r"
Plz7jhUlAWU,30.000,40.000,"/m/01h8n0,/m/09x0r"
Pvwv32w0cXU,60.000,70.000,/m/01h8n0
S8LTWw_PkbA,380.000,390.000,"/m/01h8n0,/m/09x0r"
SAhX9Dlp0Ds,90.000,100.000,"/m/01h8n0,/m/09x0r"
TlNCudch9qM,220.000,230.000,"/m/01h8n0,/m/09x0r"
UC4-ZQoRxAA,30.000,40.000,"/m/01h8n0,/m/09x0r"
UCLfvzzhC9E,270.000,280.000,"/m/01h8n0,/m/09x0r"
USHLC03XQIw,60.000,70.000,/m/01h8n0
UTe0kjf8j4o,90.000,100.000,/m/01h8n0
WcQdpMbE4Xk,330.000,340.000,"/m/01h8n0,/m/09x0r"
Z0Ck_JzW0Y8,110.000,120.000,"/m/01h8n0,/m/09x0r"
Z_XZlEw2FZY,60.000,70.000,/m/01h8n0
_1VZUONWYm4,0.000,10.000,"/m/01h8n0,/m/09x0r"
bnohizQcIo0,0.000,10.000,"/m/01h8n0,/m/04rlf,/m/09x0r"
c39jYgsvUOY,150.000,160.000,"/m/01h8n0,/m/09x0r"
cCs-Y_YrHO4,570.000,580.000,"/m/01h8n0,/m/09x0r"
e7mrGqwfJJI,360.000,370.000,/m/01h8n0
f-6QHVgMeC8,0.000,10.000,"/m/01h8n0,/m/09x0r"
f1PI8o_Gg7A,200.000,210.000,"/m/01h8n0,/m/09x0r"
fL4gKimEsBA,360.000,370.000,"/m/01h8n0,/m/07c52,/m/09x0r"
ge8qO4-wBvY,0.000,10.000,"/m/01h8n0,/m/02zsn,/m/09x0r"
h5AKJPnIkCs,560.000,570.000,"/m/01h8n0,/m/09x0r"
hUdmmFD1oTU,10.000,20.000,"/m/01h8n0,/m/09x0r"
k4UGXjMosTg,100.000,110.000,"/m/01h8n0,/m/09x0r"
n0Jc1i6Ns4g,30.000,40.000,/m/01h8n0
nfGDe975SrY,10.000,20.000,"/m/01h8n0,/m/09x0r"
noxJAKbY_J8,120.000,130.000,"/m/01h8n0,/m/09x0r"
ouzbZBZLdwc,70.000,80.000,"/m/01h8n0,/m/04rlf,/m/09x0r"
qk2FYQw_pmo,160.000,170.000,"/m/01h8n0,/m/09x0r"
r-btllT6g4k,430.000,440.000,"/m/01h8n0,/m/09x0r"
rRom-lUCR44,30.000,40.000,"/m/01h8n0,/m/09x0r"
rrEB1RcaSMk,60.000,70.000,/m/01h8n0
tHKwFuK16yU,80.000,90.000,"/m/01h8n0,/m/09x0r"
wz0ODrLYRyQ,290.000,300.000,"/m/01h8n0,/m/09x0r"
yw9MbiKIhdM,120.000,130.000,"/m/01h8n0,/m/09x0r"
